8.81291,0,0.574355,0.667178,0.92242,0.951502,0.649085,0.370246,0.63157,0.798183,0.252216,0.109682,0.570909,0.289227,0.206585,0.565489,0.226903,0.608789,0.627033,0.874933,0.949421,0.390933,0.331501,0.517563,0.336555,0.656275,0.201108,0.755367,0.301678,0.734099,0.0243267,0.308478,0.825867,0.892307,0.418799,0.505121,0,0.150197,0.6989,0.636736,0.219761,0.260838,0.121364,0.384688,0.847468,0.336644,0.886209,0.622353,0.368257,0.683465,0.629894,0.213689,0.381253,0.112479,0.542324,0.25011,0.385549,0.0569112,0.249051,0.944199,0.890838,0.681835,0.39601,0.0426024,0.563194,0.756648,0.15785,0.152261,0.648003,0.503404,0.517371,0.187282,0.264245,0.94945,0.0949539,0.499047,0.632035,0.501327,0.805586,0.940529,0.838961,0.136846,0.966131,0.615388,0.656599,0.878884,0.0604043,0.467032,0.970744,0.174869,0.0876592,0.110583,0.650787,0.827132,0.190299,0.472693,0.464487,0.730811,0.785389,0.731433,0.512723,0.296963,0.666727,0.669905,0.0683262,0.678516,0.0884876,0.162832,0.221118,0.337972,0.885626,0.364452,0.669965,0.942653,0.688506,0.227925,0.307416,0.966719,0.847357,0.534307,0.0190767,0.956831,0.0718153,0.463076,0.853016,0.0747419,0.252248,0.832607,0.203762,0.865142,0.223195,0.751554,0.823704,0.263856,0.800104,0.725464,0.906961,0.771818,0.965239,0.97043,0.550734,0.0159571,0.549538,0.226366,0.15271,0.303892,0.22255,0.810243,0.30181,0.39315,0.341047,0.247736,0.267545,0.288896,0.822032,0.12065,0.112453,0.945476,0.0719805,0.0451206,0.804337,0.703803,0.637648,0.825483,0.757174,0.526074,0.868302,0.516448,0.721486,0.79417,0.457379,0.83158,0.726853,0.00212634,0.177735,0.634874,0.0636932,0.20401,0.116145,0.644262,0.931133,0.29104,0.716784,0.2831,0.933681,0.926569,0.11613,0.0894762,0.216428,0.762989,0.792675,0.470684,0.138896,0.922645,0.0299032,0.503953,0.506732,0.21569,0.814534,0.974611,0.286567,0.766467
8.81291,0,0.563107,0.771837
23.5589,0,0.574355,0.667178,0.92242,0.951502,0.649085,0.370246,0.63157,0.798183,0.252216,0.109682,0.570909,0.289227,0.206585,0.565489,0.226903,0.608789,0.627033,0.874933,0.949421,0.390933,0.331501,0.517563,0.336555,0.656275,0.201108,0.755367,0.301678,0.734099,0.0243267,0.308478,0.825867,0.892307,0.418799,0.505121,0,0.150197,0.6989,0.636736,0.219761,0.260838,0.121364,0.384688,0.847468,0.336644,0.886209,0.622353,0.368257,0.683465,0.629894,0.213689,0.381253,0.112479,0.542324,0.25011,0.385549,0.0569112,0.249051,0.944199,0.890838,0.681835,0.39601,0.0426024,0.563194,0.756648,0.15785,0.152261,0.648003,0.503404,0.517371,0.187282,0.264245,0.94945,0.0949539,0.499047,0.632035,0.501327,0.805586,0.940529,0.838961,0.136846,0.966131,0.615388,0.656599,0.878884,0.0604043,0.467032,0.970744,0.174869,0.0876592,0.110583,0.650787,0.827132,0.190299,0.472693,0.464487,0.730811,0.785389,0.731433,0.512723,0.296963,0.666727,0.669905,0.0683262,0.678516,0.0884876,0.162832,0.221118,0.337972,0.885626,0.364452,0.669965,0.942653,0.688506,0.227925,0.307416,0.966719,0.847357,0.534307,0.0190767,0.956831,0.0718153,0.463076,0.853016,0.0747419,0.252248,0.832607,0.203762,0.865142,0.223195,0.751554,0.823704,0.263856,0.800104,0.725464,0.906961,0.771818,0.965239,0.97043,0.550734,0.0159571,0.549538,0.226366,0.15271,0.303892,0.22255,0.810243,0.30181,0.39315,0.341047,0.247736,0.267545,0.288896,0.822032,0.12065,0.112453,0.945476,0.0719805,0.0451206,0.804337,0.703803,0.637648,0.825483,0.757174,0.526074,0.868302,0.516448,0.721486,0.79417,0.457379,0.83158,0.726853,0.00212634,0.177735,0.634874,0.0636932,0.20401,0.116145,0.644262,0.931133,0.29104,0.716784,0.2831,0.933681,0.926569,0.11613,0.0894762,0.216428,0.762989,0.792675,0.470684,0.138896,0.922645,0.0299032,0.503953,0.506732,0.21569,0.814534,0.974611,0.286567,0.766467
23.5589,0,0.563107,0.771837
0.00526952,0,0.574355,0.667178,0.92242,0.951502,0.649085,0.370246,0.63157,0.798183,0.252216,0.109682,0.570909,0.289227,0.206585,0.565489,0.226903,0.608789,0.627033,0.874933,0.949421,0.390933,0.331501,0.517563,0.336555,0.656275,0.201108,0.755367,0.301678,0.734099,0.0243267,0.308478,0.825867,0.892307,0.418799,0.505121,0,0.150197,0.6989,0.636736,0.219761,0.260838,0.121364,0.384688,0.847468,0.336644,0.886209,0.622353,0.368257,0.683465,0.629894,0.213689,0.381253,0.112479,0.542324,0.25011,0.385549,0.0569112,0.249051,0.944199,0.890838,0.681835,0.39601,0.0426024,0.563194,0.756648,0.15785,0.152261,0.648003,0.503404,0.517371,0.187282,0.264245,0.94945,0.0949539,0.499047,0.632035,0.501327,0.805586,0.940529,0.838961,0.136846,0.966131,0.615388,0.656599,0.878884,0.0604043,0.467032,0.970744,0.174869,0.0876592,0.110583,0.650787,0.827132,0.190299,0.472693,0.464487,0.730811,0.785389,0.731433,0.512723,0.296963,0.666727,0.669905,0.0683262,0.678516,0.0884876,0.162832,0.221118,0.337972,0.885626,0.364452,0.669965,0.942653,0.688506,0.227925,0.307416,0.966719,0.847357,0.534307,0.0190767,0.956831,0.0718153,0.463076,0.853016,0.0747419,0.252248,0.832607,0.203762,0.865142,0.223195,0.751554,0.823704,0.263856,0.800104,0.725464,0.906961,0.771818,0.965239,0.97043,0.550734,0.0159571,0.549538,0.226366,0.15271,0.303892,0.22255,0.810243,0.30181,0.39315,0.341047,0.247736,0.267545,0.288896,0.822032,0.12065,0.112453,0.945476,0.0719805,0.0451206,0.804337,0.703803,0.637648,0.825483,0.757174,0.526074,0.868302,0.516448,0.721486,0.79417,0.457379,0.83158,0.726853,0.00212634,0.177735,0.634874,0.0636932,0.20401,0.116145,0.644262,0.931133,0.29104,0.716784,0.2831,0.933681,0.926569,0.11613,0.0894762,0.216428,0.762989,0.792675,0.470684,0.138896,0.922645,0.0299032,0.503953,0.506732,0.21569,0.814534,0.974611,0.286567,0.766467
0.00526952,0,0.563107,0.771837
0.00533961,0,0.574355,0.667178,0.92242,0.951502,0.649085,0.370246,0.63157,0.798183,0.252216,0.109682,0.570909,0.289227,0.206585,0.565489,0.226903,0.608789,0.627033,0.874933,0.949421,0.390933,0.331501,0.517563,0.336555,0.656275,0.201108,0.755367,0.301678,0.734099,0.0243267,0.308478,0.825867,0.892307,0.418799,0.505121,0,0.150197,0.6989,0.636736,0.219761,0.260838,0.121364,0.384688,0.847468,0.336644,0.886209,0.622353,0.368257,0.683465,0.629894,0.213689,0.381253,0.112479,0.542324,0.25011,0.385549,0.0569112,0.249051,0.944199,0.890838,0.681835,0.39601,0.0426024,0.563194,0.756648,0.15785,0.152261,0.648003,0.503404,0.517371,0.187282,0.264245,0.94945,0.0949539,0.499047,0.632035,0.501327,0.805586,0.940529,0.838961,0.136846,0.966131,0.615388,0.656599,0.878884,0.0604043,0.467032,0.970744,0.174869,0.0876592,0.110583,0.650787,0.827132,0.190299,0.472693,0.464487,0.730811,0.785389,0.731433,0.512723,0.296963,0.666727,0.669905,0.0683262,0.678516,0.0884876,0.162832,0.221118,0.337972,0.885626,0.364452,0.669965,0.942653,0.688506,0.227925,0.307416,0.966719,0.847357,0.534307,0.0190767,0.956831,0.0718153,0.463076,0.853016,0.0747419,0.252248,0.832607,0.203762,0.865142,0.223195,0.751554,0.823704,0.263856,0.800104,0.725464,0.906961,0.771818,0.965239,0.97043,0.550734,0.0159571,0.549538,0.226366,0.15271,0.303892,0.22255,0.810243,0.30181,0.39315,0.341047,0.247736,0.267545,0.288896,0.822032,0.12065,0.112453,0.945476,0.0719805,0.0451206,0.804337,0.703803,0.637648,0.825483,0.757174,0.526074,0.868302,0.516448,0.721486,0.79417,0.457379,0.83158,0.726853,0.00212634,0.177735,0.634874,0.0636932,0.20401,0.116145,0.644262,0.931133,0.29104,0.716784,0.2831,0.933681,0.926569,0.11613,0.0894762,0.216428,0.762989,0.792675,0.470684,0.138896,0.922645,0.0299032,0.503953,0.506732,0.21569,0.814534,0.974611,0.286567,0.766467
0.00533961,0,0.563107,0.771837
<<<<<<< HEAD
<<<<<<< HEAD
190.309,0,0.574355,0.667178,0.92242,0.951502,0.649085,0.370246,0.63157,0.798183,0.252216,0.109682,0.570909,0.289227,0.206585,0.565489,0.226903,0.608789,0.627033,0.874933,0.949421,0.390933,0.331501,0.517563,0.336555,0.656275,0.201108,0.755367,0.301678,0.734099,0.0243267,0.308478,0.825867,0.892307,0.418799,0.505121,0,0.150197,0.6989,0.636736,0.219761,0.260838,0.121364,0.384688,0.847468,0.336644,0.886209,0.622353,0.368257,0.683465,0.629894,0.213689,0.381253,0.112479,0.542324,0.25011,0.385549,0.0569112,0.249051,0.944199,0.890838,0.681835,0.39601,0.0426024,0.563194,0.756648,0.15785,0.152261,0.648003,0.503404,0.517371,0.187282,0.264245,0.94945,0.0949539,0.499047,0.632035,0.501327,0.805586,0.940529,0.838961,0.136846,0.966131,0.615388,0.656599,0.878884,0.0604043,0.467032,0.970744,0.174869,0.0876592,0.110583,0.650787,0.827132,0.190299,0.472693,0.464487,0.730811,0.785389,0.731433,0.512723,0.296963,0.666727,0.669905,0.0683262,0.678516,0.0884876,0.162832,0.221118,0.337972,0.885626,0.364452,0.669965,0.942653,0.688506,0.227925,0.307416,0.966719,0.847357,0.534307,0.0190767,0.956831,0.0718153,0.463076,0.853016,0.0747419,0.252248,0.832607,0.203762,0.865142,0.223195,0.751554,0.823704,0.263856,0.800104,0.725464,0.906961,0.771818,0.965239,0.97043,0.550734,0.0159571,0.549538,0.226366,0.15271,0.303892,0.22255,0.810243,0.30181,0.39315,0.341047,0.247736,0.267545,0.288896,0.822032,0.12065,0.112453,0.945476,0.0719805,0.0451206,0.804337,0.703803,0.637648,0.825483,0.757174,0.526074,0.868302,0.516448,0.721486,0.79417,0.457379,0.83158,0.726853,0.00212634,0.177735,0.634874,0.0636932,0.20401,0.116145,0.644262,0.931133,0.29104,0.716784,0.2831,0.933681,0.926569,0.11613,0.0894762,0.216428,0.762989,0.792675,0.470684,0.138896,0.922645,0.0299032,0.503953,0.506732,0.21569,0.814534,0.974611,0.286567,0.766467
190.309,0,0.563107,0.771837
=======
184.887,0,0.574355,0.667178,0.92242,0.951502,0.649085,0.370246,0.63157,0.798183,0.252216,0.109682,0.570909,0.289227,0.206585,0.565489,0.226903,0.608789,0.627033,0.874933,0.949421,0.390933,0.331501,0.517563,0.336555,0.656275,0.201108,0.755367,0.301678,0.734099,0.0243267,0.308478,0.825867,0.892307,0.418799,0.505121,0,0.150197,0.6989,0.636736,0.219761,0.260838,0.121364,0.384688,0.847468,0.336644,0.886209,0.622353,0.368257,0.683465,0.629894,0.213689,0.381253,0.112479,0.542324,0.25011,0.385549,0.0569112,0.249051,0.944199,0.890838,0.681835,0.39601,0.0426024,0.563194,0.756648,0.15785,0.152261,0.648003,0.503404,0.517371,0.187282,0.264245,0.94945,0.0949539,0.499047,0.632035,0.501327,0.805586,0.940529,0.838961,0.136846,0.966131,0.615388,0.656599,0.878884,0.0604043,0.467032,0.970744,0.174869,0.0876592,0.110583,0.650787,0.827132,0.190299,0.472693,0.464487,0.730811,0.785389,0.731433,0.512723,0.296963,0.666727,0.669905,0.0683262,0.678516,0.0884876,0.162832,0.221118,0.337972,0.885626,0.364452,0.669965,0.942653,0.688506,0.227925,0.307416,0.966719,0.847357,0.534307,0.0190767,0.956831,0.0718153,0.463076,0.853016,0.0747419,0.252248,0.832607,0.203762,0.865142,0.223195,0.751554,0.823704,0.263856,0.800104,0.725464,0.906961,0.771818,0.965239,0.97043,0.550734,0.0159571,0.549538,0.226366,0.15271,0.303892,0.22255,0.810243,0.30181,0.39315,0.341047,0.247736,0.267545,0.288896,0.822032,0.12065,0.112453,0.945476,0.0719805,0.0451206,0.804337,0.703803,0.637648,0.825483,0.757174,0.526074,0.868302,0.516448,0.721486,0.79417,0.457379,0.83158,0.726853,0.00212634,0.177735,0.634874,0.0636932,0.20401,0.116145,0.644262,0.931133,0.29104,0.716784,0.2831,0.933681,0.926569,0.11613,0.0894762,0.216428,0.762989,0.792675,0.470684,0.138896,0.922645,0.0299032,0.503953,0.506732,0.21569,0.814534,0.974611,0.286567,0.766467
184.887,0,0.563107,0.771837
0.0451707,0,0.840703,0.773032,0.808721,0.346411,0.440031,0.567025,0.490807,0.879336,0.658513,0.760766,0.796601,0.751903,0.398437,0.235258,0.651395,0.735104,0.508135,0.371886,0.718297,0.140864,0.707889,0.240788,0.120124,0.697068,0.457833,0.925523,0.677427,0.651454,0.886712,0.671212,0.406316,0.0385633,0.410449,0.194083,0.334947,0.456079,0.696867,0.897063,0.594131,0.273408,0.198932,0.0429425,0.694396,0.00569798,0.67691,0.872549,0.911112,0.14942,0.343503,0.228984,0.685063,0.73738,0.634443,0.962818,0.236227,0.794549,0.837492,0.586936,0.592634,0.263739,0.136288,0.232213,0.381633,0.350447,0.579431,0.819268,0.556648,0.124873,0.0876911,0.845345,0.639894,0.700203,0.287139,0.0705931,0.334332,0.122271,0.354484,0.502087,0.852534,0.886981,0.706248,0.86484,0.989713,0.342882,0.188227,0.873653,0.573855,0.160398,0.230991,0.31478,0.437051,0.890085,0.392172,0.553963,0.440943,0.988905,0.853746,0.373129,0.716011,0.864076,0.737728,0.322185,0.482583,0.0378646,0.352644,0.913346,0.803431,0.314841,0.868804,0.108881,0.0977864,0.116979,0.490109,0.867026,0.731102,0.715854,0.0380389,0.842717,0.880581,0.952991,0.866337,0.513096,0.827937,0.60415,0.713032,0.305679,0.422659,0.463426,0.330453,0.557341,0.273194,0.229245,0.0719619,0.310798,0.263789,0.0660528,0.579148,0.20869,0.81284,0.665264,0.970943,0.110314,0.57374,0.0990395,0.65638,0.425257,0.654502,0.496132,0.806929,0.0726631,0.138716,0.864776,0.0734654,0.000737948,0.666002,0.228776,0.339091,0.748866,0.847906,0.336917,0.762173,0.782771,0.278903,0.674668,0.747331,0.822146,0.686922,0.357395,0.358133,0.728862,0.957638,0.0588693,0.807736,0.691628,0.0285445,0.0265835,0.809355,0.593788,0.268456,0.350532,0.172678,0.330641,0.688036,0.505746,0.234608,0.266679,0.325549,0.731384,0.423011,0.698533,0.725117,0.948854,0.542642,0.449667,0.800199,0.79682,0.127461,0.72872,0.234466,0.452463
0.0451707,0,0.173167,0.708831
0.0205809,0,0.253649,0.671781,0.976986,0.907914,0.0160175,0.451662,0.087078,0.83318,0.893647,0.668677,0.20414,0.444866,0.971912,0.844463,0.118236,0.492098,0.163878,0.316857,0.224771,0.158327,0.60999,0.198696,0.0318765,0.778637,0.447314,0.254434,0.6993,0.0758635,0.920327,0.538107,0.0302045,0.914451,0.231308,0.128746,0.287073,0.042836,0.241532,0.816991,0.595628,0.0519641,0.306398,0.876358,0.952222,0.581109,0.119216,0.0832257,0.997677,0.321561,0.450307,0.67845,0.721286,0.38193,0.198921,0.228574,0.280538,0.435158,0.311517,0.531888,0.112997,0.269544,0.35277,0.0473999,0.368961,0.725137,0.403587,0.264494,0.646424,0.191091,0.419665,0.323918,0.759076,0.477386,0.00927375,0.879773,0.149317,0.47062,0.518019,0.736117,0.461254,0.431965,0.696459,0.262896,0.453988,0.0774043,0.401322,0.828121,0.305506,0.860994,0.740768,0.565323,0.035943,0.791535,0.527652,0.244706,0.676671,0.147191,0.410088,0.843459,0.920863,0.904238,0.732359,0.311584,0.172578,0.713575,0.278898,0.789695,0.58123,0.195603,0.440309,0.309747,0.456938,0.951532,0.794991,0.20612,0.110358,0.46883,0.780413,0.520622,0.234197,0.233226,0.0229208,0.669768,0.86537,0.696741,0.00648785,0.810818,0.76235,0.912767,0.118887,0.0615544,0.530384,0.311233,0.831856,0.952543,0.185769,0.130126,0.799894,0.407085,0.103826,0.525872,0.33669,0.393602,0.306369,0.904193,0.965747,0.929574,0.240808,0.726464,0.679007,0.0707183,0.200844,0.717864,0.12495,0.886305,0.412177,0.636945,0.0305475,0.912831,0.817024,0.504286,0.43386,0.416675,0.143139,0.0858323,0.156551,0.886047,0.603912,0.760387,0.646692,0.0241349,0.66108,0.296728,0.209559,0.655642,0.159928,0.790718,0.207393,0.088258,0.17409,0.0157874,0.901835,0.8596,0.619987,0.0461685,0.0703034,0.192246,0.488974,0.133284,0.788926,0.451556,0.242274,0.534472,0.62273,0.811098,0.826885,0.972877,0.832476,0.815497,0.861665,0.469074
0.0205809,0,0.0562611,0.109153
0.00785708,0,0.0276491,0.033002,0.306441,0.336549,0.337641,0.524896,0.99633,0.943141,0.132397,0.167942,0.0239183,0.82827,0.915492,0.0993948,0.861501,0.68737,0.490629,0.390596,0.103064,0.918359,0.554973,0.322687,0.366677,0.274794,0.0028675,0.455578,0.461187,0.679307,0.784165,0.612272,0.352514,0.542827,0.124335,0.461478,0.245595,0.0777193,0.53996,0.668756,0.00029161,0.566287,0.293554,0.927688,0.316243,0.457465,0.441953,0.832076,0.682093,0.238523,0.917505,0.773196,0.831784,0.115806,0.944969,0.989817,0.456954,0.37432,0.673853,0.112893,0.307724,0.21843,0.456815,0.900656,0.281109,0.191919,0.273461,0.466998,0.443703,0.90679,0.518066,0.160568,0.159273,0.225272,0.449975,0.61741,0.879458,0.967354,0.951811,0.982977,0.173707,0.972669,0.449288,0.791243,0.823704,0.948435,0.522694,0.831878,0.911785,0.85635,0.996624,0.539717,0.658171,0.939116,0.407062,0.205381,0.716013,0.709736,0.416422,0.575183,0.293596,0.859663,0.713112,0.876705,0.917012,0.35448,0.452601,0.507731,0.160692,0.207276,0.938058,0.877417,0.214135,0.30103,0.494164,0.0613535,0.960405,0.859655,0.848429,0.986433,0.900661,0.753129,0.921596,0.971011,0.772298,0.599632,0.258965,0.860243,0.0106061,0.912643,0.751203,0.272532,0.959582,0.257477,0.991047,0.780192,0.500234,0.35995,0.998512,0.130804,0.769586,0.58759,0.608747,0.725981,0.171222,0.512108,0.596543,0.828556,0.225747,0.811272,0.513596,0.465739,0.05897,0.638157,0.202525,0.787615,0.294517,0.546862,0.0416138,0.373969,0.561868,0.483245,0.0332656,0.575875,0.314999,0.923711,0.28072,0.24565,0.281358,0.768138,0.882097,0.906751,0.683782,0.798113,0.734872,0.306222,0.591751,0.760071,0.517393,0.489222,0.0248647,0.823613,0.877974,0.610643,0.80544,0.226752,0.0887412,0.571752,0.0188915,0.0453682,0.709359,0.599519,0.546887,0.195278,0.167394,0.0987159,0.79408,0.320135,0.106537,0.595642,0.0798244,0.748712
0.00785708,0,0.758013,0.598652
0.206268,0,0.610777,0.507018,0.0487554,0.884546,0.581317,0.512061,0.712938,0.72862,0.77801,0.985675,0.432236,0.964226,0.117843,0.270992,0.93692,0.54769,0.382909,0.605782,0.558054,0.2083,0.769681,0.397234,0.173546,0.593828,0.0904563,0.498689,0.460314,0.625856,0.210919,0.484674,0.940634,0.252014,0.856175,0.813685,0.311128,0.346806,0.161558,0.357487,0.353371,0.685272,0.135887,0.676884,0.416852,0.101357,0.829097,0.322202,0.365756,0.0700459,0.939799,0.47161,0.968831,0.680484,0.934159,0.262915,0.0547581,0.867474,0.851387,0.611957,0.897158,0.984712,0.927675,0.379776,0.643126,0.216675,0.0505537,0.664761,0.325018,0.775652,0.365288,0.438597,0.767602,0.340306,0.847977,0.985512,0.795471,0.550928,0.289752,0.183216,0.660493,0.0198193,0.18564,0.851155,0.415614,0.320187,0.171843,0.200128,0.0556838,0.864686,0.0304352,0.988626,0.539635,0.0358645,0.679047,0.17928,0.573013,0.219447,0.864022,0.478919,0.123596,0.708326,0.189012,0.875395,0.939284,0.0877318,0.0292794,0.00973182,0.302383,0.719837,0.22371,0.550361,0.886136,0.594057,0.530825,0.348314,0.611077,0.798404,0.564777,0.521093,0.0459315,0.89124,0.574694,0.0144166,0.634958,0.451875,0.360415,0.226379,0.40334,0.836554,0.887097,0.839322,0.180448,0.5121,0.26186,0.872681,0.204365,0.728573,0.151685,0.0354805,0.469341,0.367811,0.841476,0.312363,0.855033,0.957241,0.105951,0.968795,0.107998,0.126459,0.805556,0.0704702,0.499455,0.740188,0.284983,0.493193,0.215438,0.542214,0.634237,0.316188,0.385195,0.0889784,0.736658,0.563767,0.816733,0.645007,0.803995,0.243464,0.348329,0.27452,0.0107707,0.487807,0.858269,0.25935,0.537862,0.447004,0.671074,0.213262,0.455355,0.294398,0.0986753,0.396555,0.202491,0.967548,0.436128,0.839325,0.858693,0.755487,0.296474,0.222866,0.38397,0.564295,0.656812,0.899919,0.020375,0.416422,0.128167,0.817487,0.0412267,0.264888,0.119948,0.905301
0.206268,0,0.558183,0.987455
0.00713644,0,0.433517,0.476932,0.608076,0.220029,0.884926,0.0170955,0.348765,0.790589,0.178802,0.620038,0.897148,0.443464,0.357072,0.70187,0.0119614,0.677119,0.558538,0.339977,0.353106,0.221372,0.498317,0.9385,0.442829,0.909642,0.8643,0.796447,0.926539,0.76571,0.351104,0.524323,0.443341,0.705167,0.267393,0.412604,0.0814939,0.533699,0.840867,0.470946,0.486065,0.315784,0.182595,0.316544,0.027605,0.780898,0.0483911,0.769991,0.23505,0.493906,0.940031,0.577445,0.283927,0.919266,0.311311,0.623486,0.54984,0.503029,0.870875,0.541319,0.388436,0.0559339,0.562998,0.29343,0.257393,0.46917,0.744623,0.939512,0.74359,0.754364,0.598294,0.203304,0.551076,0.687656,0.191366,0.304864,0.945911,0.081906,0.943033,0.251854,0.561274,0.191547,0.483612,0.73973,0.700778,0.873617,0.000181031,0.178748,0.793819,0.618872,0.930584,0.748327,0.617474,0.602272,0.135261,0.190854,0.0475488,0.743856,0.602091,0.956513,0.397035,0.428677,0.813272,0.853764,0.339039,0.794763,0.293416,0.622418,0.806215,0.595183,0.192672,0.336903,0.225383,0.377539,0.781911,0.338907,0.997863,0.43062,0.084123,0.159493,0.532692,0.40268,0.237948,0.74722,0.93411,0.155153,0.620769,0.899041,0.749357,0.50349,0.0710302,0.461276,0.366349,0.346677,0.265542,0.32381,0.527166,0.211196,0.725907,0.366501,0.574453,0.0236765,0.140166,0.264631,0.000151592,0.227776,0.758135,0.816356,0.737465,0.788956,0.501869,0.391634,0.241903,0.713788,0.64879,0.237238,0.391483,0.0141266,0.955653,0.832434,0.499773,0.602527,0.512258,0.564019,0.590532,0.785985,0.953737,0.27502,0.172536,0.576405,0.830332,0.121302,0.775247,0.570009,0.0641471,0.266313,0.530771,0.989262,0.616272,0.789127,0.0937767,0.954366,0.15893,0.49497,0.0138798,0.523767,0.890219,0.892618,0.964199,0.0246176,0.907495,0.101092,0.798841,0.0098332,0.865687,0.412525,0.087212,0.275073,0.119615,0.97307,0.448326,0.0625944
0.00713644,0,0.763212,0.618451
0.207474,0,0.367578,0.0185227,0.174229,0.438493,0.196907,0.955053,0.931311,0.899156,0.318878,0.223837,0.506727,0.868716,0.531577,0.300356,0.0496084,0.068234,0.671809,0.576524,0.369045,0.150453,0.749356,0.447972,0.0697973,0.500329,0.618876,0.449,0.398364,0.00156332,0.828519,0.0423513,0.0799549,0.247911,0.252208,0.380547,0.972554,0.579626,0.629035,0.803208,0.982184,0.970991,0.751107,0.586684,0.723253,0.734273,0.718783,0.37056,0.61413,0.143627,0.105238,0.915575,0.388376,0.643139,0.39252,0.518554,0.192322,0.654103,0.924356,0.0219599,0.904424,0.0486951,0.548865,0.00878138,0.633584,0.261285,0.656175,0.0303106,0.81646,0.979481,0.336929,0.634215,0.125886,0.767764,0.430617,0.328147,0.000631421,0.864601,0.111589,0.400306,0.511688,0.0211501,0.527672,0.477374,0.27442,0.743923,0.590534,0.199525,0.476742,0.409818,0.632334,0.190228,0.687837,0.455592,0.882146,0.154961,0.915808,0.943914,0.865058,0.682621,0.678219,0.50599,0.311579,0.674831,0.994784,0.222627,0.623844,0.156618,0.759023,0.0508703,0.357568,0.941223,0.4784,0.253033,0.739291,0.682738,0.946439,0.255773,0.629189,0.582673,0.923715,0.895569,0.898205,0.687966,0.104273,0.670682,0.156277,0.215467,0.741527,0.8485,0.0414934,0.573605,0.291752,0.845959,0.950296,0.353527,0.469331,0.621069,0.689681,0.734829,0.612,0.620831,0.579576,0.116077,0.443077,0.766041,0.670535,0.226049,0.646745,0.822008,0.07636,0.935706,0.614049,0.0259144,0.242431,0.960283,0.492629,0.848008,0.355379,0.0163826,0.313538,0.670622,0.771648,0.419673,0.402334,0.287624,0.42819,0.811364,0.927044,0.554326,0.932244,0.411808,0.497826,0.256422,0.782679,0.512571,0.00947383,0.210203,0.828232,0.971314,0.585528,0.455148,0.277958,0.416424,0.473488,0.329106,0.672469,0.765387,0.406951,0.263285,0.500874,0.701155,0.179859,0.951803,0.985327,0.0844494,0.227667,0.850754,0.279334,0.21994,0.677499,0.964382
0.207474,0,0.57858,0.162242
0.0261617,0,0.34988,0.578179,0.0400805,0.725696,0.979055,0.265431,0.350512,0.189327,0.446362,0.759115,0.587932,0.38613,0.839447,0.868183,0.719035,0.862236,0.407076,0.574016,0.517671,0.529708,0.415874,0.64796,0.986085,0.131541,0.690261,0.54769,0.928926,0.123849,0.724465,0.116245,0.0300187,0.399218,0.707975,0.076505,0.13016,0.898478,0.708957,0.160285,0.147579,0.00631115,0.174012,0.592713,0.130266,0.748361,0.298336,0.0975072,0.462553,0.231789,0.0394038,0.138051,0.949928,0.456242,0.0577764,0.446691,0.00778429,0.201567,0.157906,0.960269,0.984138,0.775996,0.162163,0.019855,0.0103411,0.527897,0.718219,0.715472,0.0120707,0.808774,0.369991,0.75795,0.731334,0.236075,0.646611,0.350136,0.747609,0.203437,0.517856,0.931139,0.338065,0.938835,0.833446,0.759906,0.199805,0.10199,0.292224,0.48331,0.0122971,0.996368,0.584134,0.361085,0.145245,0.0734623,0.162923,0.824228,0.16128,0.0432544,0.781239,0.679613,0.811931,0.164911,0.45912,0.420154,0.534368,0.738469,0.00198882,0.634892,0.258874,0.491114,0.95723,0.322376,0.822961,0.0939626,0.0319936,0.537077,0.788008,0.0844919,0.0919738,0.397102,0.278203,0.296894,0.127262,0.769598,0.574141,0.18424,0.264901,0.590185,0.98159,0.489649,0.0922664,0.867799,0.311982,0.684695,0.362388,0.322669,0.293658,0.127742,0.419795,0.772203,0.341079,0.804009,0.0354753,0.551996,0.460221,0.656384,0.441621,0.712807,0.258338,0.332479,0.236589,0.669418,0.371728,0.454329,0.297004,0.684593,0.209198,0.715344,0.0127077,0.584197,0.426255,0.876718,0.478755,0.343289,0.21247,0.971926,0.579715,0.794162,0.134092,0.497126,0.959218,0.995517,0.367908,0.257373,0.0183703,0.615929,0.783048,0.395982,0.677659,0.224208,0.481837,0.285922,0.436764,0.682141,0.8563,0.224464,0.267552,0.820835,0.899094,0.460318,0.546805,0.043344,0.338998,0.613172,0.0235549,0.864664,0.187044,0.114534,0.34562,0.20272,0.96557,0.726725
0.0261617,0,0.674688,0.345251
0.00490946,0,0.567729,0.302276,0.863723,0.352398,0.70317,0.703065,0.115232,0.749189,0.00677808,0.50045,0.737495,0.388507,0.18146,0.704502,0.636728,0.385097,0.685336,0.478395,0.58927,0.887539,0.378319,0.184886,0.740899,0.200763,0.706079,0.673817,0.548158,0.355802,0.515427,0.227684,0.0845474,0.66062,0.977482,0.33054,0.486785,0.883784,0.954541,0.303665,0.782382,0.130983,0.368358,0.726857,0.219118,0.121762,0.1535,0.0378176,0.240072,0.335333,0.167222,0.849835,0.255436,0.109089,0.966975,0.440365,0.630717,0.133673,0.955589,0.929158,0.200293,0.295384,0.966452,0.105753,0.673722,0.0912041,0.328409,0.526086,0.475036,0.540049,0.135615,0.399251,0.325793,0.179652,0.573597,0.0298619,0.725529,0.234589,0.851243,0.0475107,0.554826,0.18548,0.0989737,0.451993,0.721717,0.375174,0.611883,0.0691117,0.726464,0.487128,0.523931,0.564372,0.514286,0.540984,0.388155,0.0719382,0.842654,0.139112,0.929102,0.319043,0.345474,0.355526,0.615181,0.36473,0.804757,0.80449,0.967371,0.543243,0.522075,0.665645,0.875389,0.648328,0.197769,0.166549,0.0504641,0.510659,0.843571,0.393279,0.199178,0.507221,0.988583,0.177926,0.51789,0.55085,0.309452,0.822034,0.127462,0.0072311,0.707278,0.916174,0.622856,0.620241,0.0186476,0.529352,0.398284,0.0720062,0.310789,0.196614,0.40189,0.391053,0.364728,0.394615,0.573758,0.78165,0.372405,0.835375,0.996331,0.501751,0.470861,0.175792,0.433485,0.605278,0.137024,0.0762463,0.602034,0.651835,0.232873,0.301649,0.0799154,0.100282,0.180974,0.0570817,0.868164,0.474637,0.963259,0.104728,0.455048,0.216329,0.241764,0.66161,0.0248125,0.354765,0.0353546,0.184682,0.793446,0.550175,0.391507,0.930627,0.729634,0.577117,0.308411,0.729897,0.905814,0.374869,0.541763,0.123729,0.936451,0.355639,0.983362,0.611136,0.394095,0.359333,0.0472276,0.253465,0.705322,0.0192255,0.81757,0.923498,0.317014,0.349683,0.0358634,0.206434
0.00490946,0,0.825922,0.86181
0.190326,0,0.529404,0.957681,0.302455,0.782398,0.501112,0.510178,0.14011,0.378957,0.465384,0.15143,0.474315,0.933676,0.849553,0.507703,0.848974,0.691917,0.432564,0.339375,0.367592,0.470017,0.226533,0.281134,0.86506,0.433916,0.620464,0.71883,0.43216,0.173143,0.00135258,0.28109,0.351238,0.962142,0.94661,0.720219,0.41603,0.917322,0.341678,0.22778,0.288059,0.242887,0.915969,0.0605883,0.876542,0.325916,0.296277,0.19575,0.644558,0.95922,0.984238,0.0684974,0.907692,0.401671,0.0432514,0.92365,0.191955,0.581775,0.105394,0.847501,0.279092,0.232735,0.597537,0.0368967,0.939809,0.87742,0.189484,0.673887,0.844941,0.358034,0.772026,0.341983,0.394795,0.612206,0.760497,0.73513,0.402174,0.517375,0.422723,0.0866096,0.890188,0.0441399,0.745348,0.0807397,0.691814,0.277982,0.283643,0.0102188,0.678566,0.174439,0.85526,0.197034,0.12003,0.634426,0.429091,0.77452,0.505219,0.842048,0.350783,0.418872,0.0959538,0.33078,0.986789,0.153749,0.298842,0.461528,0.901689,0.212269,0.64853,0.456793,0.110745,0.482817,0.116315,0.31775,0.470005,0.956995,0.183975,0.654787,0.416061,0.257736,0.308465,0.727182,0.544043,0.933244,0.141421,0.990715,0.257177,0.587048,0.749269,0.486634,0.574654,0.999441,0.278583,0.0220871,0.942591,0.641409,0.85802,0.287868,0.76491,0.355543,0.89214,0.371387,0.713215,0.765469,0.0769598,0.870053,0.428796,0.0718053,0.907449,0.789092,0.105143,0.0732532,0.179665,0.536062,0.0758769,0.339674,0.996293,0.309612,0.107266,0.00407159,0.432226,0.207202,0.204468,0.0340131,0.824407,0.896163,0.131325,0.864794,0.0377197,0.514795,0.788897,0.127253,0.432568,0.830518,0.310327,0.754884,0.302847,0.536405,0.699193,0.445533,0.717164,0.788052,0.747508,0.57194,0.0129645,0.886646,0.477725,0.992625,0.269093,0.476559,0.187453,0.032192,0.275461,0.481041,0.729051,0.615514,0.0192275,0.388814,0.00331629,0.736426,0.346421,0.542668
0.190326,0,0.404229,0.076036
0.146405,0,0.281927,0.645599,0.736576,0.550773,0.712306,0.619802,0.253766,0.498704,0.369477,0.0644083,0.443307,0.993023,0.258311,0.729855,0.986049,0.17047,0.816069,0.203544,0.754318,0.484194,0.103996,0.554384,0.0530886,0.456745,0.521154,0.859481,0.852504,0.187235,0.91709,0.618161,0.788632,0.795976,0.99952,0.451424,0.935618,0.535231,0.0896153,0.0994964,0.556242,0.71002,0.569501,0.350847,0.538082,0.749129,0.36729,0.523544,0.31952,0.529426,0.98085,0.917969,0.4532,0.293339,0.392835,0.35346,0.0634795,0.250789,0.601636,0.0683287,0.817457,0.587804,0.111348,0.953199,0.482625,0.101292,0.0192608,0.822786,0.116125,0.336027,0.689487,0.700794,0.951583,0.48451,0.552838,0.440931,0.0287351,0.287825,0.241024,0.895712,0.997004,0.320859,0.143645,0.567069,0.903096,0.504001,0.204795,0.226767,0.711276,0.731496,0.172428,0.402533,0.690358,0.189454,0.0851662,0.912197,0.233057,0.842157,0.409226,0.587161,0.0911624,0.405201,0.631968,0.250456,0.981952,0.161933,0.564466,0.241769,0.431223,0.696789,0.608986,0.841238,0.683395,0.696995,0.284157,0.855216,0.260418,0.309849,0.560305,0.123613,0.285546,0.842988,0.0847574,0.0521796,0.748968,0.291043,0.132281,0.630929,0.327925,0.418742,0.273958,0.313241,0.62309,0.658678,0.782291,0.66239,0.505379,0.42229,0.474469,0.0226859,0.313729,0.138486,0.769415,0.781389,0.200131,0.169984,0.483225,0.696822,0.3555,0.435226,0.097616,0.0153635,0.437653,0.123476,0.146162,0.299247,0.437733,0.716952,0.498342,0.167588,0.337571,0.0139103,0.710733,0.181026,0.616252,0.216822,0.232186,0.40965,0.533126,0.509993,0.80924,0.717522,0.434475,0.0450812,0.212669,0.758611,0.772521,0.80385,0.984876,0.298148,0.51497,0.753509,0.163159,0.631858,0.141851,0.998957,0.71648,0.514754,0.559835,0.652187,0.410797,0.715059,0.518909,0.69378,0.991928,0.216058,0.969567,0.419908,0.0517658,0.67105,0.670007,0.204585
0.146405,0,0.550247,0.168749
0.0253151,0,0.398294,0.0123329,0.203885,0.825239,0.1765,0.412412,0.57771,0.954881,0.546838,0.363011,0.401658,0.742812,0.910889,0.87991,0.805251,0.267976,0.280309,0.552645,0.377885,0.466623,0.879035,0.357762,0.312643,0.422566,0.785577,0.96446,0.707273,0.110815,0.990725,0.903139,0.171115,0.604701,0.157346,0.753838,0.220461,0.0396145,0.397377,0.142704,0.56527,0.0773956,0.041856,0.422004,0.532819,0.455172,0.358311,0.155922,0.760623,0.31904,0.0728777,0.916469,0.956083,0.542815,0.685519,0.949077,0.0264727,0.63298,0.0549845,0.139717,0.594889,0.184747,0.340669,0.430868,0.749908,0.463475,0.379944,0.47246,0.0152754,0.50896,0.458037,0.752966,0.385947,0.553219,0.692936,0.370296,0.555043,0.140083,0.570951,0.72365,0.187125,0.0162652,0.488726,0.25977,0.76873,0.592583,0.34555,0.156378,0.709597,0.264115,0.63441,0.201163,0.341246,0.931382,0.655032,0.0821706,0.0984357,0.376702,0.636472,0.312322,0.904906,0.295958,0.452336,0.343244,0.607359,0.15438,0.355543,0.254824,0.186206,0.516389,0.59856,0.842043,0.218745,0.0926211,0.404944,0.375319,0.671277,0.892385,0.235629,0.542257,0.696637,0.850012,0.104837,0.51598,0.0323696,0.357954,0.199997,0.815676,0.908297,0.612082,0.987401,0.534376,0.426761,0.183396,0.725653,0.0678368,0.917849,0.590136,0.106116,0.223438,0.581392,0.44601,0.261686,0.0973401,0.709422,0.474089,0.00846463,0.106315,0.289711,0.13779,0.205627,0.602995,0.193131,0.912123,0.13556,0.459891,0.905901,0.207149,0.304489,0.698472,0.172561,0.820796,0.927111,0.0662324,0.204023,0.713868,0.316862,0.669839,0.581962,0.679289,0.13918,0.246974,0.454122,0.932816,0.631289,0.55024,0.371036,0.483254,0.549486,0.601128,0.314995,0.747156,0.416995,0.696285,0.375574,0.951091,0.198064,0.150954,0.0837707,0.772504,0.322744,0.183319,0.666572,0.503785,0.104913,0.506898,0.254055,0.132726,0.829011,0.193616,0.144707,0.386486
0.0253151,0,0.963762,0.0411769
0.0108757,0,0.515185,0.686758,0.360658,0.360591,0.727219,0.144836,0.00473112,0.147425,0.680531,0.194959,0.76541,0.227154,0.63224,0.993773,0.834301,0.404819,0.499935,0.487404,0.989042,0.686876,0.724288,0.304977,0.721994,0.761888,0.0546356,0.730515,0.470676,0.317175,0.261952,0.567231,0.741473,0.783801,0.592887,0.956976,0.845237,0.979585,0.729165,0.862372,0.4863,0.528063,0.717633,0.161934,0.120899,0.702499,0.935176,0.760657,0.316696,0.141314,0.973334,0.0728042,0.274357,0.788634,0.423681,0.8114,0.951905,0.571858,0.853458,0.663024,0.494704,0.810592,0.598524,0.780654,0.388667,0.706071,0.386911,0.787124,0.828748,0.816809,0.852613,0.723886,0.292419,0.0181564,0.218285,0.0719593,0.335219,0.586349,0.631246,0.431161,0.243211,0.51841,0.733736,0.907359,0.138742,0.225055,0.300126,0.661777,0.57214,0.552393,0.593809,0.868964,0.418566,0.0537295,0.818657,0.68645,0.730222,0.193511,0.753604,0.156881,0.11431,0.177829,0.599702,0.88464,0.738315,0.06058,0.359172,0.913252,0.154417,0.544804,0.306976,0.202292,0.798943,0.976588,0.945102,0.422337,0.463977,0.738363,0.617416,0.0318499,0.267919,0.919172,0.431387,0.415124,0.232907,0.291332,0.97407,0.00905014,0.951147,0.494544,0.673916,0.94222,0.741131,0.031975,0.0631576,0.258792,0.709313,0.449799,0.0579048,0.0541074,0.307644,0.214769,0.775883,0.115684,0.312977,0.27567,0.151612,0.517091,0.406371,0.863178,0.217765,0.0975041,0.209447,0.191602,0.0872945,0.10208,0.784527,0.933777,0.0399905,0.570203,0.695709,0.92135,0.716012,0.942486,0.360757,0.504107,0.834055,0.613932,0.157959,0.426979,0.464117,0.263852,0.918223,0.236609,0.710967,0.521631,0.903096,0.414115,0.402554,0.0970348,0.363672,0.476116,0.949998,0.138702,0.178812,0.127062,0.765149,0.428368,0.235606,0.764697,0.724508,0.668115,0.0646963,0.75949,0.814698,0.585807,0.489302,0.937634,0.994341,0.38633,0.3502,0.724606
0.0108757,0,0.0290166,0.32944
0.00942207,0,0.213126,0.326226,0.321634,0.59071,0.909908,0.627319,0.836924,0.384,0.596369,0.523577,0.277119,0.112318,0.170874,0.270143,0.201943,0.686409,0.20241,0.543555,0.433219,0.817943,0.0900397,0.678833,0.266436,0.320901,0.647069,0.819897,0.47689,0.580028,0.118491,0.103513,0.386678,0.658947,0.489988,0.439658,0.837077,0.0657764,0.0118783,0.670091,0.962767,0.257049,0.947286,0.908365,0.283414,0.30382,0.767062,0.507628,0.0712879,0.217637,0.291942,0.0969706,0.544861,0.814238,0.270352,0.383577,0.813557,0.24104,0.0471767,0.762724,0.312289,0.59592,0.949098,0.950206,0.217863,0.498051,0.325568,0.56552,0.136649,0.976823,0.450874,0.562845,0.253231,0.540729,0.0277252,0.500668,0.344982,0.75518,0.215161,0.462205,0.364019,0.368159,0.304305,0.652316,0.208974,0.82329,0.340434,0.803637,0.307334,0.453794,0.60813,0.878229,0.439618,0.939175,0.149488,0.955814,0.669255,0.616328,0.598742,0.345851,0.64848,0.215461,0.00819793,0.720513,0.906233,0.709304,0.0659727,0.0523842,0.051258,0.289906,0.110562,0.720121,0.403905,0.835797,0.281708,0.390049,0.813888,0.6946,0.769824,0.229324,0.338791,0.523982,0.584038,0.0497027,0.825419,0.502994,0.242274,0.193989,0.235815,0.130819,0.73317,0.0129503,0.855198,0.711833,0.546781,0.683467,0.187531,0.352203,0.469559,0.352792,0.447653,0.0567123,0.619033,0.456608,0.497594,0.73582,0.509932,0.935566,0.269077,0.145391,0.266261,0.15714,0.487913,0.212365,0.526358,0.809653,0.659546,0.752093,0.702433,0.590792,0.540576,0.514155,0.485832,0.545293,0.102879,0.328211,0.987797,0.676178,0.885748,0.350786,0.625778,0.397005,0.135603,0.371593,0.864955,0.0804843,0.294126,0.807392,0.383796,0.188776,0.194737,0.94334,0.181614,0.986791,0.0531736,0.823144,0.0783853,0.101129,0.692665,0.245782,0.439348,0.889609,0.906393,0.749325,0.0641682,0.452557,0.836435,0.0832492,0.67094,0.963039,0.759892,0.590653
0.00942207,0,0.723328,0.5898
4.72385,0,0.643901,0.781331,0.0566459,0.0105669,0.526485,0.191345,0.944895,0.973397,0.339627,0.563446,0.431453,0.354242,0.329495,0.558297,0.506801,0.420886,0.827756,0.13815,0.613401,0.533404,0.0812587,0.26431,0.706698,0.25916,0.203909,0.522962,0.757509,0.285812,0.431403,0.0657583,0.909561,0.224105,0.204553,0.167093,0.359061,0.650401,0.0201967,0.681591,0.409584,0.0732487,0.218998,0.954438,0.77203,0.185478,0.868695,0.0519047,0.595378,0.121629,0.165282,0.187104,0.642321,0.522129,0.902631,0.210843,0.415074,0.456843,0.653434,0.850727,0.615465,0.293445,0.291561,0.466329,0.208406,0.0933363,0.390813,0.080718,0.0512553,0.751563,0.439903,0.540087,0.465253,0.75781,0.460002,0.973573,0.331681,0.371916,0.366997,0.379284,0.922318,0.580118,0.932014,0.82691,0.914031,0.164508,0.120116,0.95844,0.49523,0.542115,0.79751,0.740832,0.0361223,0.915112,0.610102,0.9706,0.826801,0.871615,0.794996,0.651661,0.47537,0.284686,0.0741043,0.0541637,0.615539,0.560259,0.674584,0.103504,0.227363,0.743924,0.765263,0.0229229,0.628134,0.942677,0.66982,0.711099,0.407384,0.0678756,0.268093,0.566316,0.483736,0.66346,0.302613,0.24517,0.938181,0.541059,0.99364,0.591514,0.837786,0.870306,0.272966,0.427324,0.107778,0.174327,0.567693,0.0277957,0.489143,0.566719,0.180687,0.976179,0.190009,0.618837,0.293753,0.753363,0.868402,0.0156827,0.0511439,0.265957,0.26422,0.301683,0.834996,0.0749647,0.0759477,0.645383,0.00793024,0.0816327,0.206563,0.060265,0.594239,0.741973,0.817412,0.90488,0.225269,0.519275,0.666026,0.172029,0.89695,0.143637,0.312712,0.60576,0.57779,0.154977,0.326224,0.407832,0.380491,0.0585148,0.488951,0.154195,0.510882,0.236854,0.745803,0.883191,0.576406,0.355905,0.91063,0.337972,0.5027,0.517891,0.866954,0.756435,0.82709,0.265845,0.772088,0.983763,0.180029,0.471185,0.355215,0.434116,0.481063,0.662138,0.604231,0.59878
4.72385,0,0.546569,0.618763
0.0152928,0,0.607027,0.215218,0.89005,0.620468,0.418751,0.135842,0.860003,0.455934,0.139405,0.756613,0.531611,0.261223,0.848907,0.924186,0.866563,0.911142,0.842471,0.713066,0.0641835,0.410629,0.771738,0.0858584,0.181455,0.802961,0.561722,0.847551,0.219296,0.270313,0.960489,0.848656,0.783368,0.808667,0.498575,0.874631,0.667201,0.980407,0.246945,0.651023,0.655336,0.396888,0.0199176,0.398289,0.867656,0.846669,0.898313,0.145286,0.731089,0.887249,0.599724,0.24729,0.489951,0.334201,0.867331,0.201434,0.379634,0.643282,0.435887,0.722045,0.470346,0.492386,0.0435586,0.188598,0.232094,0.136145,0.625055,0.842124,0.808963,0.588811,0.700257,0.90301,0.371779,0.316578,0.545253,0.51166,0.670916,0.235634,0.691523,0.703129,0.702696,0.082105,0.535376,0.788513,0.33135,0.386119,0.536852,0.0237166,0.117597,0.0957158,0.694596,0.833723,0.32102,0.0354916,0.560339,0.906083,0.502374,0.934901,0.49864,0.536623,0.788486,0.406658,0.240306,0.664916,0.215603,0.752994,0.846319,0.334223,0.162542,0.280701,0.254355,0.309696,0.545737,0.755884,0.0403952,0.589439,0.0940933,0.792743,0.909566,0.706172,0.426896,0.813392,0.538389,0.59987,0.160434,0.671012,0.772997,0.94895,0.505777,0.367691,0.761446,0.0668253,0.522054,0.692384,0.829303,0.161576,0.906391,0.851042,0.919387,0.880353,0.655799,0.5387,0.089596,0.852562,0.358299,0.963415,0.709397,0.92802,0.946171,0.507257,0.0440272,0.829045,0.272221,0.407471,0.417661,0.191465,0.470746,0.308806,0.698074,0.489641,0.245294,0.963489,0.264779,0.869029,0.21742,0.837822,0.545828,0.073314,0.398283,0.908614,0.139748,0.0561871,0.82802,0.434794,0.643835,0.270719,0.838767,0.990198,0.888966,0.570521,0.872436,0.930153,0.850449,0.832779,0.742501,0.437641,0.286319,0.57973,0.994012,0.752303,0.548675,0.715798,0.707295,0.0638587,0.901853,0.715896,0.973297,0.269653,0.77754,0.322123,0.721884,0.220994
0.0152928,0,0.780135,0.235687
0.00767033,0,0.720978,0.0617423,0.614828,0.658025,0.319141,0.00508213,0.088445,0.345175,0.880485,0.997018,0.283198,0.86745,0.624197,0.818743,0.38219,0.625173,0.548309,0.619115,0.730298,0.0370147,0.744688,0.551291,0.335917,0.862847,0.412818,0.925946,0.169101,0.710743,0.314538,0.793703,0.195648,0.132087,0.966055,0.763247,0.457786,0.332801,0.719269,0.0401095,0.594146,0.747043,0.0182626,0.925566,0.844462,0.462059,0.780987,0.255016,0.46778,0.511661,0.74279,0.740878,0.66087,0.720738,0.493398,0.817224,0.896416,0.198811,0.93975,0.238383,0.349443,0.384755,0.456021,0.198872,0.577512,0.628705,0.891357,0.638797,0.302456,0.378701,0.688955,0.652974,0.289354,0.917701,0.92268,0.490082,0.0754618,0.660649,0.0263439,0.283883,0.187626,0.69676,0.971694,0.37337,0.994528,0.269925,0.77408,0.481612,0.297908,0.33388,0.243582,0.490198,0.293985,0.601147,0.362185,0.870212,0.495669,0.0240598,0.827067,0.880574,0.572304,0.16179,0.780478,0.33687,0.586589,0.971157,0.799604,0.910266,0.8412,0.562529,0.14409,0.91903,0.337962,0.679411,0.782051,0.80722,0.332442,0.366805,0.879807,0.871784,0.966019,0.769913,0.222716,0.960777,0.533822,0.286609,0.987862,0.415496,0.628335,0.167017,0.406802,0.116078,0.449476,0.858422,0.944301,0.446025,0.582255,0.162868,0.87056,0.528805,0.81769,0.415238,0.756066,0.754483,0.0793285,0.959268,0.470938,0.310041,0.172228,0.916461,0.0887074,0.942133,0.492351,0.756989,0.160395,0.334225,0.862804,0.533083,0.286052,0.850354,0.161997,0.946344,0.444376,0.343919,0.358003,0.405008,0.785949,0.110151,0.481115,0.82492,0.118956,0.935595,0.948154,0.534771,0.380544,0.775038,0.577593,0.543146,0.748822,0.270393,0.293923,0.752673,0.42419,0.813227,0.322238,0.759152,0.372129,0.649152,0.235634,0.779092,0.0103296,0.101737,0.35523,0.482961,0.354902,0.197103,0.779498,0.596078,0.110831,0.705749,0.961469,0.000406451
0.00767033,0,0.915938,0.523081
0.0136035,0,0.585748,0.00909445,0.35052,0.478509,0.645504,0.388645,0.229596,0.754442,0.367677,0.939755,0.427176,0.22919,0.168694,0.358583,0.589235,0.948667,0.583685,0.780048,0.128987,0.834793,0.58099,0.64393,0.352872,0.899797,0.6661,0.222407,0.054695,0.404205,0.316112,0.886051,0.09342,0.219902,0.823215,0.672182,0.533179,0.193623,0.553802,0.600808,0.617487,0.128974,0.87751,0.667751,0.507388,0.397585,0.305759,0.205328,0.134572,0.313766,0.843783,0.704951,0.587841,0.00559797,0.436255,0.176032,0.197563,0.190256,0.699839,0.230927,0.0414603,0.883797,0.346472,0.994888,0.643086,0.0358624,0.447542,0.17044,0.797325,0.452831,0.336023,0.216615,0.12898,0.913528,0.106358,0.341135,0.573529,0.0931174,0.465986,0.935918,0.54381,0.120698,0.757094,0.249371,0.806939,0.630282,0.01434,0.415959,0.675842,0.713821,0.164296,0.0784218,0.872149,0.555144,0.956727,0.914925,0.271483,0.241867,0.540804,0.540768,0.239082,0.557662,0.0775709,0.462382,0.66862,0.683938,0.600935,0.162646,0.190899,0.426753,0.143134,0.0601665,0.923564,0.633237,0.349182,0.680752,0.391547,0.239625,0.032302,0.186536,0.489853,0.964794,0.0964913,0.972136,0.262972,0.856616,0.615611,0.41574,0.580589,0.0233469,0.824314,0.429075,0.925887,0.615795,0.926856,0.852178,0.166103,0.0692714,0.000183982,0.511116,0.271589,0.142756,0.244958,0.571109,0.585229,0.655794,0.2159,0.39278,0.405006,0.515958,0.65561,0.704784,0.121191,0.26225,0.271,0.084501,0.119556,0.465397,0.0463495,0.87822,0.679495,0.603598,0.809787,0.341565,0.757029,0.417245,0.332598,0.725286,0.222009,0.291632,0.370896,0.454379,0.0457911,0.618411,0.481845,0.0293307,0.69735,0.628546,0.285813,0.756558,0.807321,0.405718,0.25765,0.831435,0.710767,0.18891,0.923873,0.228319,0.134085,0.0822213,0.903097,0.167315,0.420998,0.728367,0.824571,0.0716621,0.456548,0.232088,0.804494,0.596252,0.937577,0.374326
0.0136035,0,0.154369,0.306053
0.0148487,0,0.328992,0.63718,0.175254,0.20921,0.549755,0.25733,0.180632,0.943165,0.404715,0.953503,0.319753,0.806306,0.614173,0.767536,0.77825,0.110543,0.256551,0.356844,0.586904,0.835085,0.705828,0.303047,0.0370911,0.780598,0.220911,0.938292,0.524797,0.926548,0.524047,0.864068,0.351388,0.689712,0.22072,0.221,0.826977,0.570791,0.468801,0.282428,0.696203,0.900429,0.0467431,0.604733,0.93104,0.00649089,0.679708,0.825743,0.777757,0.360249,0.53769,0.39728,0.12954,0.877328,0.313506,0.932957,0.46624,0.123049,0.19762,0.487763,0.1552,0.105991,0.585359,0.80034,0.358224,0.277872,0.792484,0.652402,0.3341,0.235175,0.0802515,0.304721,0.497202,0.22811,0.649816,0.279911,0.946497,0.219331,0.435625,0.997414,0.945811,0.711322,0.139079,0.130905,0.500212,0.717701,0.0615052,0.859168,0.184408,0.280881,0.282076,0.0640909,0.913357,0.473086,0.141802,0.151171,0.563879,0.195655,0.411581,0.282634,0.966764,0.282998,0.913579,0.34749,0.369277,0.493678,0.141196,0.762408,0.783611,0.173622,0.0820968,0.858561,0.795645,0.500613,0.260043,0.734607,0.489284,0.301967,0.359418,0.497635,0.950996,0.315662,0.21987,0.500856,0.70199,0.450383,0.0556191,0.485263,0.0115723,0.400023,0.0909651,0.557985,0.534267,0.69591,0.180153,0.590109,0.855994,0.0838846,0.640291,0.69489,0.578537,0.455971,0.992919,0.0823069,0.160622,0.882626,0.275819,0.402811,0.226312,0.0767376,0.242335,0.580929,0.824274,0.770341,0.0838181,0.160028,0.420307,0.941648,0.494522,0.681008,0.933716,0.343569,0.699313,0.913593,0.856734,0.163375,0.259751,0.539285,0.493287,0.915086,0.668852,0.578743,0.605569,0.149718,0.215773,0.755259,0.72201,0.442195,0.889967,0.676488,0.261972,0.806924,0.773342,0.311223,0.0709191,0.112254,0.59115,0.0180837,0.589214,0.628724,0.222288,0.914662,0.756112,0.78229,0.855382,0.911064,0.843743,0.643857,0.19114,0.837298,0.321851,0.215019
0.0148487,0,0.206671,0.586498
0.00765289,0,0.42157,0.276478,0.0811866,0.539561,0.359637,0.510506,0.432735,0.437329,0.348421,0.522338,0.188655,0.217716,0.0157593,0.0719437,0.441152,0.649094,0.85808,0.505254,0.639209,0.00382237,0.300673,0.335741,0.316599,0.421493,0.988063,0.228729,0.89459,0.667505,0.563414,0.482809,0.58952,0.890767,0.366833,0.227672,0.16621,0.168027,0.902704,0.138104,0.333082,0.498705,0.604613,0.419895,0.548584,0.442315,0.131872,0.376941,0.253685,0.380557,0.539611,0.993769,0.0438585,0.75498,0.775944,0.119716,0.445185,0.601543,0.623108,0.399003,0.866031,0.0646273,0.0619327,0.629339,0.355145,0.111051,0.288683,0.942217,0.184154,0.753601,0.487943,0.88968,0.0761863,0.119527,0.691669,0.858604,0.534535,0.965136,0.830844,0.749452,0.67445,0.780934,0.477192,0.941164,0.673265,0.554923,0.0892653,0.618588,0.406629,0.70813,0.724079,0.339814,0.944139,0.625695,0.230937,0.782915,0.666548,0.389216,0.536429,0.612349,0.376286,0.958419,0.665137,0.196616,0.66821,0.750592,0.727481,0.882222,0.530067,0.278994,0.214162,0.115133,0.505936,0.571649,0.613857,0.0175466,0.446922,0.755344,0.844167,0.731635,0.487479,0.167928,0.541182,0.729035,0.225699,0.915831,0.554071,0.523635,0.282112,0.470354,0.0716636,0.822437,0.036156,0.114184,0.929172,0.342629,0.596738,0.120325,0.560113,0.405537,0.060517,0.126384,0.0486616,0.737676,0.369381,0.946333,0.197212,0.706033,0.140937,0.249056,0.386221,0.791675,0.645516,0.0145532,0.200394,0.648545,0.422294,0.699182,0.817341,0.494362,0.507608,0.173238,0.312962,0.0256667,0.848846,0.493054,0.972843,0.664417,0.603373,0.149664,0.675713,0.478482,0.156809,0.430135,0.836702,0.650046,0.629636,0.663755,0.457292,0.172285,0.0466733,0.479972,0.988042,0.97881,0.0154757,0.616538,0.64327,0.337996,0.349175,0.351721,0.159246,0.470985,0.291322,0.869203,0.363679,0.180436,0.455509,0.674784,0.225933,0.0256834,0.831262,0.103788
0.00765289,0,0.799753,0.564569
>>>>>>> b175928a887ad13cbd65066ffc6aa2e48127a483
=======
190.309,0,0.574355,0.667178,0.92242,0.951502,0.649085,0.370246,0.63157,0.798183,0.252216,0.109682,0.570909,0.289227,0.206585,0.565489,0.226903,0.608789,0.627033,0.874933,0.949421,0.390933,0.331501,0.517563,0.336555,0.656275,0.201108,0.755367,0.301678,0.734099,0.0243267,0.308478,0.825867,0.892307,0.418799,0.505121,0,0.150197,0.6989,0.636736,0.219761,0.260838,0.121364,0.384688,0.847468,0.336644,0.886209,0.622353,0.368257,0.683465,0.629894,0.213689,0.381253,0.112479,0.542324,0.25011,0.385549,0.0569112,0.249051,0.944199,0.890838,0.681835,0.39601,0.0426024,0.563194,0.756648,0.15785,0.152261,0.648003,0.503404,0.517371,0.187282,0.264245,0.94945,0.0949539,0.499047,0.632035,0.501327,0.805586,0.940529,0.838961,0.136846,0.966131,0.615388,0.656599,0.878884,0.0604043,0.467032,0.970744,0.174869,0.0876592,0.110583,0.650787,0.827132,0.190299,0.472693,0.464487,0.730811,0.785389,0.731433,0.512723,0.296963,0.666727,0.669905,0.0683262,0.678516,0.0884876,0.162832,0.221118,0.337972,0.885626,0.364452,0.669965,0.942653,0.688506,0.227925,0.307416,0.966719,0.847357,0.534307,0.0190767,0.956831,0.0718153,0.463076,0.853016,0.0747419,0.252248,0.832607,0.203762,0.865142,0.223195,0.751554,0.823704,0.263856,0.800104,0.725464,0.906961,0.771818,0.965239,0.97043,0.550734,0.0159571,0.549538,0.226366,0.15271,0.303892,0.22255,0.810243,0.30181,0.39315,0.341047,0.247736,0.267545,0.288896,0.822032,0.12065,0.112453,0.945476,0.0719805,0.0451206,0.804337,0.703803,0.637648,0.825483,0.757174,0.526074,0.868302,0.516448,0.721486,0.79417,0.457379,0.83158,0.726853,0.00212634,0.177735,0.634874,0.0636932,0.20401,0.116145,0.644262,0.931133,0.29104,0.716784,0.2831,0.933681,0.926569,0.11613,0.0894762,0.216428,0.762989,0.792675,0.470684,0.138896,0.922645,0.0299032,0.503953,0.506732,0.21569,0.814534,0.974611,0.286567,0.766467
190.309,0,0.563107,0.771837
>>>>>>> 6061fedb2c4e56788120b50275c8f1de1ff6c8d3
